"Loan_Status","ApplicantIncome","CoapplicantIncome","LoanAmount","Loan_Amount_Term","Gender","Dependents","Self_Employed","Credit_History","Total_income","log_LoanAmount","Amauntxterm","Property_Area","Edu_Ma"
"1",5849,0,120,360,"2","1","1","2",5849,4.78749174278205,48.7416666666667,"1",2
"0",4583,1508,128,360,"2","2","1","2",6091,4.85203026391962,47.5859375,"1",3
"1",3000,0,66,360,"2","1","2","2",3000,4.18965474202643,45.4545454545455,"1",3
"1",2583,2358,120,360,"2","1","1","2",4941,4.78749174278205,41.175,"1",1
"1",6000,0,141,360,"2","1","1","2",6000,4.94875989037817,42.5531914893617,"1",2
"1",5417,4196,267,360,"2","3","2","2",9613,5.58724865840025,36.0037453183521,"1",3
"1",2333,1516,95,360,"2","1","1","2",3849,4.55387689160054,40.5157894736842,"1",1
"0",3036,2504,158,360,"2","4","1","1",5540,5.06259503302697,35.0632911392405,"2",3
"1",4006,1526,168,360,"2","3","1","2",5532,5.12396397940326,32.9285714285714,"1",3
"0",12841,10968,349,360,"2","2","1","2",23809,5.85507192220243,68.2206303724928,"2",3
"1",3200,700,70,360,"2","3","1","2",3900,4.24849524204936,55.7142857142857,"1",3
"1",2500,1840,109,360,"2","3","1","2",4340,4.69134788222914,39.8165137614679,"1",3
"1",3073,8106,200,360,"2","3","1","2",11179,5.29831736654804,55.895,"1",3
"0",1853,2840,114,360,"2","1","1","2",4693,4.7361984483945,41.1666666666667,"1",2
"1",1299,1086,17,120,"2","3","1","2",2385,2.83321334405622,140.294117647059,"1",3
"1",4950,0,125,360,"2","1","1","2",4950,4.8283137373023,39.6,"1",2
"1",3596,0,100,240,"2","2","1","2",3596,4.60517018598809,35.96,"1",1
"0",3510,0,76,360,"1","1","1","1",3510,4.33073334028633,46.1842105263158,"1",2
"0",4887,0,133,360,"2","1","1","2",4887,4.89034912822175,36.7443609022556,"1",1
"1",2600,3500,115,360,"2","1","1","2",6100,4.74493212836325,53.0434782608696,"1",3
"0",7660,0,104,360,"2","1","1","1",7660,4.64439089914137,73.6538461538462,"1",1
"1",5955,5625,315,360,"2","2","1","2",11580,5.75257263882563,36.7619047619048,"1",3
"0",2600,1911,116,360,"2","1","1","1",4511,4.75359019110636,38.8879310344828,"2",1
"0",3365,1917,112,360,"2","3","1","1",5282,4.71849887129509,47.1607142857143,"1",1
"0",3717,2925,151,360,"2","2","1","2",6642,5.01727983681492,43.9867549668874,"2",3
"1",9560,0,191,360,"2","1","2","2",9560,5.25227342804663,50.0523560209424,"2",3
"1",2799,2253,122,360,"2","1","1","2",5052,4.80402104473326,41.4098360655738,"2",3
"1",4226,1040,110,360,"2","3","1","2",5266,4.70048036579242,47.8727272727273,"1",1
"0",1442,0,35,360,"2","1","1","2",1442,3.55534806148941,41.2,"1",1
"1",3750,2083,120,360,"1","3","1","2",5833,4.78749174278205,48.6083333333333,"2",2
"0",4166,3369,201,360,"2","2","1","2",7535,5.30330490805908,37.4875621890547,"1",3
"0",3167,0,74,360,"2","1","1","2",3167,4.30406509320417,42.7972972972973,"1",2
"0",4692,0,106,360,"2","2","2","2",4692,4.66343909411207,44.2641509433962,"1",2
"1",3500,1667,114,360,"2","1","1","2",5167,4.7361984483945,45.3245614035088,"2",3
"0",12500,3000,320,360,"2","4","1","2",15500,5.76832099579377,48.4375,"1",2
"1",2275,2067,120,360,"2","1","1","2",4342,4.78749174278205,36.1833333333333,"1",3
"0",1828,1330,100,360,"2","1","1","1",3158,4.60517018598809,31.58,"1",3
"1",3667,1459,144,360,"1","1","1","2",5126,4.969813299576,35.5972222222222,"2",3
"1",4166,7210,184,360,"2","1","1","2",11376,5.21493575760899,61.8260869565217,"1",2
"1",3748,1668,110,360,"2","1","1","2",5416,4.70048036579242,49.2363636363636,"2",1
"0",3600,0,80,360,"2","1","1","2",3600,4.38202663467388,45,"1",2
"1",1800,1213,47,360,"2","1","1","2",3013,3.85014760171006,64.1063829787234,"1",2
"1",2400,0,75,360,"2","1","1","2",2400,4.31748811353631,32,"1",3
"1",3941,2336,134,360,"2","1","1","2",6277,4.89783979995091,46.8432835820896,"2",3
"1",4695,0,96,360,"2","1","2","2",4695,4.56434819146784,48.90625,"1",1
"1",3410,0,88,360,"1","1","1","2",3410,4.47733681447821,38.75,"1",2
"1",5649,0,44,360,"2","2","1","2",5649,3.78418963391826,128.386363636364,"1",3
"1",5821,0,144,360,"2","1","1","2",5821,4.969813299576,40.4236111111111,"1",3
"0",2645,3440,120,360,"1","1","1","1",6085,4.78749174278205,50.7083333333333,"1",3
"1",4000,2275,144,360,"1","1","1","2",6275,4.969813299576,43.5763888888889,"2",2
"1",1928,1644,100,360,"1","1","1","2",3572,4.60517018598809,35.72,"2",1
"1",3086,0,120,360,"1","1","1","2",3086,4.78749174278205,25.7166666666667,"2",2
"0",4230,0,112,360,"1","1","1","2",4230,4.71849887129509,37.7678571428571,"2",2
"0",4616,0,134,360,"2","3","1","2",4616,4.89783979995091,34.4477611940299,"1",3
"0",11500,0,286,360,"1","2","2","1",11500,5.65599181081985,40.2097902097902,"1",3
"1",2708,1167,97,360,"2","3","1","2",3875,4.57471097850338,39.9484536082474,"2",3
"1",2132,1591,96,360,"2","1","1","2",3723,4.56434819146784,38.78125,"2",3
"0",3366,2200,135,360,"2","1","1","2",5566,4.90527477843843,41.2296296296296,"1",3
"1",8080,2250,180,360,"2","2","1","2",10330,5.19295685089021,57.3888888888889,"1",3
"1",3357,2859,144,360,"2","3","1","2",6216,4.969813299576,43.1666666666667,"1",1
"1",2500,3796,120,360,"2","1","1","2",6296,4.78749174278205,52.4666666666667,"1",3
"1",3029,0,99,360,"2","4","1","2",3029,4.59511985013459,30.5959595959596,"1",3
"0",2609,3449,165,180,"2","1","2","1",6058,5.10594547390058,36.7151515151515,"1",1
"0",4945,0,120,360,"2","2","1","1",4945,4.78749174278205,41.2083333333333,"1",3
"0",4166,0,116,360,"1","1","1","1",4166,4.75359019110636,35.9137931034483,"2",2
"0",5726,4595,258,360,"2","1","1","2",10321,5.55295958492162,40.0038759689922,"2",3
"0",3200,2254,126,180,"2","1","1","1",5454,4.83628190695148,43.2857142857143,"1",1
"1",10750,0,312,360,"2","2","1","2",10750,5.74300318780948,34.4551282051282,"1",3
"1",7100,0,125,60,"2","4","2","2",7100,4.8283137373023,56.8,"1",1
"0",4300,0,136,360,"1","1","1","1",4300,4.91265488573605,31.6176470588235,"2",2
"1",3208,3066,172,360,"2","1","1","2",6274,5.14749447681345,36.4767441860465,"1",3
"1",1875,1875,97,360,"2","3","2","2",3750,4.57471097850338,38.659793814433,"2",1
"1",3500,0,81,300,"2","1","1","2",3500,4.39444915467244,43.2098765432099,"2",2
"0",4755,0,95,360,"2","4","1","1",4755,4.55387689160054,50.0526315789474,"2",1
"1",5266,1774,187,360,"2","4","2","2",7040,5.23110861685459,37.6470588235294,"2",3
"0",3750,0,113,480,"2","1","1","2",3750,4.72738781871234,33.1858407079646,"1",2
"0",3750,4750,176,360,"2","1","1","2",8500,5.17048399503815,48.2954545454545,"1",2
"0",1000,3022,110,360,"2","2","2","2",4022,4.70048036579242,36.5636363636364,"1",3
"0",3167,4000,180,300,"2","4","1","1",7167,5.19295685089021,39.8166666666667,"2",3
"1",3333,2166,130,360,"2","4","2","2",5499,4.86753445045558,42.3,"2",1
"1",3846,0,111,360,"1","1","1","2",3846,4.70953020131233,34.6486486486486,"2",2
"1",2395,0,120,360,"2","2","2","2",2395,4.78749174278205,19.9583333333333,"2",3
"0",1378,1881,167,360,"1","3","1","2",3259,5.11799381241676,19.5149700598802,"1",3
"0",6000,2250,265,360,"2","1","1","2",8250,5.57972982598622,31.1320754716981,"2",3
"1",3988,0,50,240,"2","2","1","2",3988,3.91202300542815,79.76,"1",3
"1",2366,2531,136,360,"2","1","1","2",4897,4.91265488573605,36.0073529411765,"2",2
"1",3333,2000,99,360,"2","3","1","2",5333,4.59511985013459,53.8686868686869,"2",1
"1",2500,2118,104,360,"2","1","1","2",4618,4.64439089914137,44.4038461538462,"2",3
"1",8566,0,210,360,"2","1","1","2",8566,5.34710753071747,40.7904761904762,"1",2
"1",5695,4167,175,360,"2","1","1","2",9862,5.16478597392351,56.3542857142857,"2",3
"1",2958,2900,131,360,"2","1","1","2",5858,4.87519732320115,44.7175572519084,"2",3
"1",6250,5654,188,180,"2","3","1","2",11904,5.23644196282995,63.3191489361702,"2",3
"1",3273,1820,81,360,"2","3","1","2",5093,4.39444915467244,62.8765432098765,"1",1
"1",4133,0,122,360,"2","1","1","2",4133,4.80402104473326,33.8770491803279,"2",2
"1",3620,0,25,120,"2","1","1","2",3620,3.2188758248682,144.8,"2",1
"0",6782,0,120,360,"2","1","1","2",6782,4.78749174278205,56.5166666666667,"1",2
"1",2484,2302,137,360,"1","1","1","2",4786,4.91998092582813,34.9343065693431,"2",3
"1",1977,997,50,360,"2","1","1","2",2974,3.91202300542815,59.48,"2",3
"1",4188,0,115,180,"2","1","1","2",4188,4.74493212836325,36.4173913043478,"2",1
"1",1759,3541,131,360,"2","1","1","2",5300,4.87519732320115,40.4580152671756,"2",3
"1",4288,3263,133,180,"2","3","1","2",7551,4.89034912822175,56.7744360902256,"1",1
"1",4843,3806,151,360,"2","1","1","2",8649,5.01727983681492,57.2781456953642,"2",2
"1",13650,0,120,360,"2","1","1","2",13650,4.78749174278205,113.75,"1",3
"1",4652,3583,120,360,"2","1","1","2",8235,4.78749174278205,68.625,"2",3
"1",3816,754,160,360,"2","1","1","2",4570,5.07517381523383,28.5625,"1",3
"1",3052,1030,100,360,"2","2","1","2",4082,4.60517018598809,40.82,"1",3
"1",11417,1126,225,360,"2","3","1","2",12543,5.41610040220442,55.7466666666667,"1",3
"0",7333,0,120,360,"2","1","1","2",7333,4.78749174278205,61.1083333333333,"1",1
"0",3800,3600,216,360,"2","3","1","1",7400,5.37527840768417,34.2592592592593,"1",3
"1",2071,754,94,480,"2","4","1","2",2825,4.54329478227,30.0531914893617,"2",1
"1",5316,0,136,360,"2","1","1","2",5316,4.91265488573605,39.0882352941176,"1",2
"1",2929,2333,139,360,"1","1","1","2",5262,4.93447393313069,37.8561151079137,"2",3
"0",3572,4114,152,360,"2","1","1","1",7686,5.02388052084628,50.5657894736842,"1",1
"1",7451,0,120,360,"1","2","2","2",7451,4.78749174278205,62.0916666666667,"2",2
"1",5050,0,118,360,"2","1","1","2",5050,4.77068462446567,42.7966101694915,"2",2
"1",14583,0,185,180,"2","2","1","2",14583,5.22035582507832,78.827027027027,"1",3
"1",3167,2283,154,360,"1","1","1","2",5450,5.03695260241363,35.3896103896104,"2",3
"1",2214,1398,85,360,"2","2","1","2",3612,4.44265125649032,42.4941176470588,"1",3
"0",5568,2142,175,360,"2","1","1","2",7710,5.16478597392351,44.0571428571429,"1",3
"1",10408,0,259,360,"1","1","1","2",10408,5.55682806169954,40.1853281853282,"1",2
"1",5667,2667,180,360,"2","1","1","2",8334,5.19295685089021,46.3,"1",3
"1",4166,0,44,360,"1","1","1","2",4166,3.78418963391826,94.6818181818182,"2",2
"1",2137,8980,137,360,"1","1","1","1",11117,4.91998092582813,81.1459854014599,"2",2
"1",2957,0,81,360,"2","3","1","2",2957,4.39444915467244,36.5061728395062,"2",3
"1",4300,2014,194,360,"2","1","1","2",6314,5.26785815906333,32.5463917525773,"1",1
"1",3692,0,93,360,"1","1","1","2",3692,4.53259949315326,39.6989247311828,"1",2
"1",23803,0,370,360,"2","4","1","2",23803,5.91350300563827,64.3324324324324,"1",3
"1",3865,1640,120,360,"2","1","1","2",5505,4.78749174278205,45.875,"1",2
"0",10513,3850,160,180,"2","2","2","1",14363,5.07517381523383,89.76875,"1",3
"0",6080,2569,182,360,"2","1","1","2",8649,5.2040066870768,47.521978021978,"1",3
"1",20166,0,650,480,"2","1","2","2",20166,6.47697236288968,31.0246153846154,"1",2
"1",2014,1929,74,360,"2","1","1","2",3943,4.30406509320417,53.2837837837838,"1",2
"1",2718,0,70,360,"2","1","1","2",2718,4.24849524204936,38.8285714285714,"2",2
"1",3459,0,25,120,"2","1","2","2",3459,3.2188758248682,138.36,"2",3
"1",4895,0,102,360,"2","1","1","2",4895,4.62497281328427,47.9901960784314,"2",2
"0",4000,7750,290,360,"2","4","1","2",11750,5.66988092298052,40.5172413793103,"2",3
"0",4583,0,84,360,"1","1","1","2",4583,4.43081679884331,54.5595238095238,"1",3
"1",3316,3500,88,360,"2","3","2","2",6816,4.47733681447821,77.4545454545455,"1",3
"0",14999,0,242,360,"2","1","1","1",14999,5.48893772615669,61.9793388429752,"2",2
"0",4200,1430,129,360,"2","3","1","2",5630,4.85981240436167,43.6434108527132,"1",1
"0",5042,2083,185,360,"2","3","1","2",7125,5.22035582507832,38.5135135135135,"1",3
"1",5417,0,168,360,"2","1","1","2",5417,5.12396397940326,32.2440476190476,"1",2
"1",6950,0,175,180,"2","1","2","2",6950,5.16478597392351,39.7142857142857,"2",2
"1",2698,2034,122,360,"2","1","1","2",4732,4.80402104473326,38.7868852459016,"2",3
"1",11757,0,187,180,"2","3","1","2",11757,5.23110861685459,62.8716577540107,"1",3
"1",2330,4486,100,360,"1","1","1","2",6816,4.60517018598809,68.16,"2",3
"1",14866,0,70,360,"1","3","1","2",14866,4.24849524204936,212.371428571429,"1",3
"1",1538,1425,30,360,"2","2","1","2",2963,3.40119738166216,98.7666666666667,"1",3
"0",10000,1666,225,360,"1","1","1","2",11666,5.41610040220442,51.8488888888889,"1",2
"1",4860,830,125,360,"2","1","1","2",5690,4.8283137373023,45.52,"2",3
"0",6277,0,118,360,"2","1","1","1",6277,4.77068462446567,53.1949152542373,"1",2
"1",2577,3750,152,360,"2","1","2","2",6327,5.02388052084628,41.625,"1",3
"0",9166,0,244,360,"2","1","1","2",9166,5.4971682252932,37.5655737704918,"1",2
"0",2281,0,113,360,"2","3","1","2",2281,4.72738781871234,20.1858407079646,"1",1
"1",3254,0,50,360,"2","1","1","2",3254,3.91202300542815,65.08,"1",2
"1",39999,0,600,180,"2","4","1","1",39999,6.39692965521615,66.665,"2",3
"1",6000,0,160,360,"2","2","1","2",6000,5.07517381523383,37.5,"1",3
"1",9538,0,187,360,"2","2","1","2",9538,5.23110861685459,51.0053475935829,"1",3
"1",2980,2083,120,360,"2","1","1","2",5063,4.78749174278205,42.1916666666667,"1",2
"1",4583,5625,255,360,"2","1","1","2",10208,5.54126354515843,40.0313725490196,"2",3
"1",1863,1041,98,360,"2","1","1","2",2904,4.58496747867057,29.6326530612245,"2",1
"0",7933,0,275,360,"2","1","1","2",7933,5.61677109766657,28.8472727272727,"1",3
"0",3089,1280,121,360,"2","2","1","1",4369,4.79579054559674,36.1074380165289,"2",3
"1",4167,1447,158,360,"2","3","1","2",5614,5.06259503302697,35.5316455696203,"1",3
"1",9323,0,75,180,"2","1","1","2",9323,4.31748811353631,124.306666666667,"1",3
"1",3707,3166,182,360,"2","1","1","2",6873,5.2040066870768,37.7637362637363,"1",3
"0",4583,0,112,360,"1","1","1","2",4583,4.71849887129509,40.9196428571429,"1",3
"1",2439,3333,129,360,"2","1","1","2",5772,4.85981240436167,44.7441860465116,"1",3
"0",2237,0,63,480,"2","1","1","1",2237,4.14313472639153,35.5079365079365,"2",2
"1",8000,0,200,360,"2","3","1","2",8000,5.29831736654804,40,"2",3
"1",1820,1769,95,360,"2","1","1","2",3589,4.55387689160054,37.7789473684211,"1",1
"1",51763,0,700,300,"2","4","1","2",51763,6.5510803350434,73.9471428571429,"1",3
"0",3522,0,81,180,"2","4","1","2",3522,4.39444915467244,43.4814814814815,"1",1
"1",5708,5625,187,360,"2","1","1","2",11333,5.23110861685459,60.6042780748663,"2",3
"0",4344,736,87,360,"2","1","2","2",5080,4.46590811865458,58.3908045977011,"2",1
"1",3497,1964,116,360,"2","1","1","2",5461,4.75359019110636,47.0775862068966,"1",3
"1",2045,1619,101,360,"2","3","1","2",3664,4.61512051684126,36.2772277227723,"1",3
"0",5516,11300,495,360,"2","4","1","1",16816,6.20455776256869,33.9717171717172,"2",3
"1",3750,0,116,360,"2","2","1","2",3750,4.75359019110636,32.3275862068966,"2",3
"0",2333,1451,102,480,"2","1","1","1",3784,4.62497281328427,37.0980392156863,"1",1
"0",6400,7250,180,360,"2","2","1","1",13650,5.19295685089021,75.8333333333333,"1",3
"0",1916,5063,67,360,"2","1","1","2",6979,4.20469261939097,104.164179104478,"1",2
"1",4600,0,73,180,"2","1","1","2",4600,4.29045944114839,63.013698630137,"2",3
"0",33846,0,260,360,"2","2","1","2",33846,5.56068163101553,130.176923076923,"2",3
"1",3625,0,108,360,"1","1","1","2",3625,4.68213122712422,33.5648148148148,"2",3
"1",39147,4750,120,360,"2","1","2","2",43897,4.78749174278205,365.808333333333,"2",3
"0",2178,0,66,300,"2","2","2","1",2178,4.18965474202643,33,"1",3
"1",2383,2138,58,360,"2","1","1","2",4521,4.06044301054642,77.948275862069,"1",3
"1",674,5296,168,360,"2","1","2","2",5970,5.12396397940326,35.5357142857143,"1",3
"1",9328,0,188,180,"2","1","1","2",9328,5.23644196282995,49.6170212765957,"1",3
"1",4885,0,48,360,"2","1","1","2",4885,3.87120101090789,101.770833333333,"1",1
"0",12000,0,164,360,"2","1","1","2",12000,5.0998664278242,73.1707317073171,"2",2
"0",6033,0,160,360,"2","1","1","2",6033,5.07517381523383,37.70625,"1",1
"1",3858,0,76,360,"2","1","1","2",3858,4.33073334028633,50.7631578947368,"2",2
"1",4191,0,120,360,"2","1","1","2",4191,4.78749174278205,34.925,"1",2
"0",3125,2583,170,360,"2","2","1","2",5708,5.13579843705026,33.5764705882353,"2",3
"1",8333,3750,187,360,"2","1","1","2",12083,5.23110861685459,64.6149732620321,"1",2
"1",1907,2365,120,360,"1","1","1","2",4272,4.78749174278205,35.6,"1",1
"1",3416,2816,113,360,"1","1","1","2",6232,4.72738781871234,55.1504424778761,"2",3
"0",11000,0,83,360,"2","1","2","2",11000,4.4188406077966,132.530120481928,"1",2
"1",2600,2500,90,360,"2","2","1","2",5100,4.49980967033027,56.6666666666667,"2",1
"1",4923,0,166,360,"2","3","1","1",4923,5.11198778835654,29.6566265060241,"2",2
"0",3992,0,120,180,"2","4","1","2",3992,4.78749174278205,33.2666666666667,"1",1
"1",3500,1083,135,360,"2","2","1","2",4583,4.90527477843843,33.9481481481481,"1",1
"1",3917,0,124,360,"2","3","1","2",3917,4.82028156560504,31.5887096774194,"2",1
"1",4408,0,120,360,"1","1","1","2",4408,4.78749174278205,36.7333333333333,"2",1
"1",3244,0,80,360,"1","1","1","2",3244,4.38202663467388,40.55,"1",2
"1",3975,2531,55,360,"2","1","1","2",6506,4.00733318523247,118.290909090909,"1",1
"1",2479,0,59,360,"2","1","1","2",2479,4.07753744390572,42.0169491525424,"1",2
"0",3418,0,127,360,"2","1","1","2",3418,4.84418708645859,26.9133858267717,"2",2
"0",10000,0,214,360,"1","1","1","2",10000,5.36597601502185,46.7289719626168,"2",2
"0",3430,1250,128,360,"2","4","1","1",4680,4.85203026391962,36.5625,"2",3
"1",7787,0,240,360,"2","2","2","2",7787,5.48063892334199,32.4458333333333,"1",3
"1",5703,0,130,360,"2","4","2","2",5703,4.86753445045558,43.8692307692308,"1",1
"1",3173,3021,137,360,"2","1","1","2",6194,4.91998092582813,45.2116788321168,"1",3
"1",3850,983,100,360,"2","4","1","2",4833,4.60517018598809,48.33,"2",1
"0",150,1800,135,360,"2","1","1","2",1950,4.90527477843843,14.4444444444444,"1",3
"1",3727,1775,131,360,"2","1","1","2",5502,4.87519732320115,42,"2",3
"0",5000,0,72,360,"2","3","1","1",5000,4.27666611901606,69.4444444444444,"2",3
"1",4283,2383,127,360,"1","3","1","2",6666,4.84418708645859,52.488188976378,"2",3
"0",2221,0,60,360,"2","1","1","1",2221,4.0943445622221,37.0166666666667,"1",3
"1",4009,1717,116,360,"2","3","1","2",5726,4.75359019110636,49.3620689655172,"2",3
"1",2971,2791,144,360,"2","1","1","2",5762,4.969813299576,40.0138888888889,"2",2
"1",7578,1010,175,360,"2","1","1","2",8588,5.16478597392351,49.0742857142857,"2",3
"1",6250,0,128,360,"2","1","1","2",6250,4.85203026391962,48.828125,"2",3
"0",3250,0,170,360,"2","1","1","2",3250,5.13579843705026,19.1176470588235,"1",3
"0",4735,0,138,360,"2","1","2","2",4735,4.92725368515721,34.3115942028985,"1",1
"1",6250,1695,210,360,"2","3","1","2",7945,5.34710753071747,37.8333333333333,"2",3
"1",4758,0,158,480,"2","1","1","2",4758,5.06259503302697,30.1139240506329,"2",3
"1",6400,0,200,360,"2","1","2","2",6400,5.29831736654804,32,"1",2
"1",2491,2054,104,360,"2","2","1","2",4545,4.64439089914137,43.7019230769231,"2",3
"1",3716,0,42,180,"2","1","1","2",3716,3.73766961828337,88.4761904761905,"1",3
"1",3189,2598,120,360,"2","1","1","2",5787,4.78749174278205,48.225,"1",1
"1",8333,0,280,360,"1","1","1","2",8333,5.63478960316925,29.7607142857143,"2",2
"1",3155,1779,140,360,"2","2","1","2",4934,4.9416424226093,35.2428571428571,"2",3
"1",5500,1260,170,360,"2","2","1","2",6760,5.13579843705026,39.7647058823529,"1",3
"0",5746,0,255,360,"2","1","1","2",5746,5.54126354515843,22.5333333333333,"1",3
"1",3463,0,122,360,"1","1","2","2",3463,4.80402104473326,28.3852459016393,"1",2
"1",3812,0,112,360,"1","2","1","2",3812,4.71849887129509,34.0357142857143,"1",2
"1",3315,0,96,360,"2","2","1","2",3315,4.56434819146784,34.53125,"2",3
"1",5819,5000,120,360,"2","3","1","2",10819,4.78749174278205,90.1583333333333,"1",3
"0",2510,1983,140,180,"2","2","1","2",4493,4.9416424226093,32.0928571428571,"1",1
"1",2965,5701,155,60,"2","1","1","2",8666,5.04342511691925,55.9096774193548,"1",2
"1",6250,1300,108,360,"2","3","2","2",7550,4.68213122712422,69.9074074074074,"1",3
"1",3406,4417,123,360,"2","1","1","2",7823,4.81218435537242,63.6016260162602,"2",1
"0",6050,4333,120,180,"2","1","2","2",10383,4.78749174278205,86.525,"1",2
"1",9703,0,112,360,"2","3","1","2",9703,4.71849887129509,86.6339285714286,"1",3
"1",6608,0,137,180,"2","2","1","2",6608,4.91998092582813,48.2335766423358,"1",1
"1",2882,1843,123,480,"2","2","1","2",4725,4.81218435537242,38.4146341463415,"2",3
"1",1809,1868,90,360,"2","1","1","2",3677,4.49980967033027,40.8555555555556,"1",3
"0",1668,3890,201,360,"2","1","1","1",5558,5.30330490805908,27.6517412935323,"2",1
"0",3427,0,138,360,"1","3","1","2",3427,4.92725368515721,24.8333333333333,"1",2
"1",2583,2167,104,360,"2","1","2","2",4750,4.64439089914137,45.6730769230769,"1",1
"1",2661,7101,279,180,"2","2","1","2",9762,5.63121178182137,34.989247311828,"2",1
"0",16250,0,192,360,"2","1","2","1",16250,5.25749537202778,84.6354166666667,"1",2
"1",3083,0,255,360,"1","4","1","2",3083,5.54126354515843,12.0901960784314,"1",2
"0",6045,0,115,360,"2","1","1","1",6045,4.74493212836325,52.5652173913044,"1",1
"0",5250,0,94,360,"2","4","1","2",5250,4.54329478227,55.8510638297872,"1",3
"0",14683,2100,304,360,"2","1","1","2",16783,5.71702770140622,55.2072368421053,"1",3
"0",4931,0,128,360,"2","4","1","2",4931,4.85203026391962,38.5234375,"2",1
"1",6083,4250,330,360,"2","2","1","2",10333,5.79909265446053,31.3121212121212,"1",3
"1",2060,2209,134,360,"2","1","1","2",4269,4.89783979995091,31.8582089552239,"2",2
"0",3481,0,155,36,"1","2","1","2",3481,5.04342511691925,22.458064516129,"2",2
"1",7200,0,120,360,"1","1","1","2",7200,4.78749174278205,60,"1",2
"1",5166,0,128,360,"2","1","2","2",5166,4.85203026391962,40.359375,"2",2
"1",4095,3447,151,360,"2","1","1","2",7542,5.01727983681492,49.9470198675497,"1",2
"1",4708,1387,150,360,"2","3","1","2",6095,5.01063529409626,40.6333333333333,"2",3
"1",4333,1811,160,360,"2","4","1","1",6144,5.07517381523383,38.4,"1",3
"0",3418,0,135,360,"1","1","1","2",3418,4.90527477843843,25.3185185185185,"1",2
"1",2876,1560,90,360,"1","2","1","2",4436,4.49980967033027,49.2888888888889,"1",2
"1",3237,0,30,360,"1","1","1","2",3237,3.40119738166216,107.9,"1",2
"1",11146,0,136,360,"2","1","1","2",11146,4.91265488573605,81.9558823529412,"1",3
"1",2833,1857,126,360,"2","1","1","2",4690,4.83628190695148,37.2222222222222,"1",2
"1",2620,2223,150,360,"2","1","1","2",4843,5.01063529409626,32.2866666666667,"2",3
"1",3900,0,90,360,"2","3","1","2",3900,4.49980967033027,43.3333333333333,"2",3
"1",2750,1842,115,360,"2","2","1","2",4592,4.74493212836325,39.9304347826087,"2",3
"1",3993,3274,207,360,"2","1","1","2",7267,5.33271879326537,35.1062801932367,"2",3
"1",3103,1300,80,360,"2","1","1","2",4403,4.38202663467388,55.0375,"1",3
"1",14583,0,436,360,"2","1","1","2",14583,6.07764224334903,33.447247706422,"2",3
"1",4100,0,124,360,"1","1","1","2",4100,4.82028156560504,33.0645161290323,"1",1
"0",4053,2426,158,360,"2","2","2","1",6479,5.06259503302697,41.0063291139241,"1",1
"1",3927,800,112,360,"2","1","1","2",4727,4.71849887129509,42.2053571428571,"2",3
"1",2301,985.7999878,78,180,"2","3","1","2",3286.7999878,4.35670882668959,42.1384613820513,"1",3
"1",1811,1666,54,360,"1","1","1","2",3477,3.98898404656427,64.3888888888889,"1",2
"0",20667,0,120,360,"2","1","1","2",20667,4.78749174278205,172.225,"1",3
"1",3158,3053,89,360,"2","1","1","2",6211,4.48863636973214,69.7865168539326,"1",2
"0",2600,1717,99,300,"1","1","2","2",4317,4.59511985013459,43.6060606060606,"2",2
"1",3704,2000,120,360,"2","1","1","2",5704,4.78749174278205,47.5333333333333,"1",3
"1",4124,0,115,360,"1","1","1","2",4124,4.74493212836325,35.8608695652174,"2",2
"1",9508,0,187,360,"2","1","1","2",9508,5.23110861685459,50.8449197860963,"1",2
"1",3075,2416,139,360,"2","1","1","2",5491,4.93447393313069,39.5035971223022,"1",3
"0",4400,0,127,360,"2","3","1","1",4400,4.84418708645859,34.6456692913386,"2",3
"1",3153,1560,134,360,"2","3","1","2",4713,4.89783979995091,35.1716417910448,"1",3
"0",5417,0,143,480,"1","1","1","1",5417,4.96284463025991,37.8811188811189,"1",2
"1",2383,3334,172,360,"2","1","1","2",5717,5.14749447681345,33.2383720930233,"2",3
"1",4416,1250,110,360,"2","4","1","2",5666,4.70048036579242,51.5090909090909,"1",3
"1",6875,0,200,360,"2","2","1","2",6875,5.29831736654804,34.375,"2",3
"1",4666,0,135,360,"1","2","1","2",4666,4.90527477843843,34.562962962963,"1",3
"0",5000,2541,151,480,"1","1","1","2",7541,5.01727983681492,49.9403973509934,"1",2
"0",2014,2925,113,360,"2","2","1","2",4939,4.72738781871234,43.7079646017699,"1",3
"0",1800,2934,93,360,"2","1","1","1",4734,4.53259949315326,50.9032258064516,"1",1
"1",2875,1750,105,360,"2","1","1","2",4625,4.65396035015752,44.0476190476191,"2",1
"1",5000,0,132,360,"1","1","1","2",5000,4.88280192258637,37.8787878787879,"1",2
"1",1625,1803,96,360,"2","2","1","2",3428,4.56434819146784,35.7083333333333,"1",3
"1",4000,2500,140,360,"2","1","1","2",6500,4.9416424226093,46.4285714285714,"1",2
"0",2000,0,120,360,"2","1","1","2",2000,4.78749174278205,16.6666666666667,"1",1
"1",3762,1666,135,360,"1","1","1","2",5428,4.90527477843843,40.2074074074074,"1",2
"0",2400,1863,104,360,"1","1","1","1",4263,4.64439089914137,40.9903846153846,"1",2
"0",20233,0,480,360,"2","1","1","2",20233,6.17378610390194,42.1520833333333,"1",2
"1",7667,0,185,360,"2","3","1","2",7667,5.22035582507832,41.4432432432432,"1",1
"1",2917,0,84,360,"1","1","1","2",2917,4.43081679884331,34.7261904761905,"2",2
"1",2927,2405,111,360,"2","1","1","2",5332,4.70953020131233,48.036036036036,"2",1
"1",2507,0,56,360,"1","1","1","2",2507,4.02535169073515,44.7678571428571,"1",2
"1",5746,0,144,84,"2","3","2","2",5746,4.969813299576,39.9027777777778,"1",3
"0",2473,1843,159,360,"2","1","1","2",4316,5.06890420222023,27.1446540880503,"1",3
"1",3399,1640,111,180,"2","2","1","2",5039,4.70953020131233,45.3963963963964,"1",1
"1",3717,0,120,360,"2","3","1","2",3717,4.78749174278205,30.975,"2",3
"1",2058,2134,88,360,"2","1","1","2",4192,4.47733681447821,47.6363636363636,"1",3
"1",3541,0,112,360,"1","2","1","2",3541,4.71849887129509,31.6160714285714,"2",2
"0",10000,0,155,360,"2","2","2","2",10000,5.04342511691925,64.5161290322581,"1",3
"1",2400,2167,115,360,"2","1","1","2",4567,4.74493212836325,39.7130434782609,"2",3
"1",4342,189,124,360,"2","4","1","2",4531,4.82028156560504,36.5403225806452,"2",3
"1",3601,1590,120,360,"2","3","1","2",5191,4.78749174278205,43.2583333333333,"1",1
"1",3166,2985,132,360,"1","1","1","2",6151,4.88280192258637,46.5984848484849,"1",2
"1",15000,0,300,360,"2","4","1","2",15000,5.7037824746562,50,"1",3
"0",8666,4983,376,360,"2","2","2","1",13649,5.92958914338989,36.3005319148936,"1",3
"1",4917,0,130,360,"2","1","1","1",4917,4.86753445045558,37.8230769230769,"1",2
"1",5818,2160,184,360,"2","1","2","2",7978,5.21493575760899,43.3586956521739,"2",3
"0",4333,2451,110,360,"1","1","1","2",6784,4.70048036579242,61.6727272727273,"1",3
"1",2500,0,67,360,"1","1","1","2",2500,4.20469261939097,37.3134328358209,"1",2
"1",4384,1793,117,360,"2","2","1","2",6177,4.76217393479776,52.7948717948718,"1",2
"1",2935,0,98,360,"2","1","1","2",2935,4.58496747867057,29.9489795918367,"2",2
"1",2833,0,71,360,"2","1","1","2",2833,4.26267987704132,39.9014084507042,"1",2
"1",63337,0,490,180,"2","1","1","2",63337,6.19440539110467,129.259183673469,"1",3
"1",9833,1833,182,180,"2","2","2","2",11666,5.2040066870768,64.0989010989011,"1",3
"1",5503,4490,70,360,"2","1","2","2",9993,4.24849524204936,142.757142857143,"2",3
"1",5250,688,160,360,"2","2","1","2",5938,5.07517381523383,37.1125,"1",3
"1",2500,4600,176,360,"2","3","2","2",7100,5.17048399503815,40.3409090909091,"1",3
"0",1830,0,120,360,"1","4","1","1",1830,4.78749174278205,15.25,"1",1
"1",4160,0,71,360,"1","1","1","2",4160,4.26267987704132,58.5915492957746,"2",2
"0",2647,1587,173,360,"2","4","1","2",4234,5.15329159449778,24.4739884393064,"1",1
"0",2378,0,46,360,"1","1","1","2",2378,3.8286413964891,51.695652173913,"1",2
"1",4554,1229,158,360,"2","2","1","2",5783,5.06259503302697,36.6012658227848,"1",1
"1",3173,0,74,360,"2","4","1","2",3173,4.30406509320417,42.8783783783784,"2",1
"1",2583,2330,125,360,"2","3","1","2",4913,4.8283137373023,39.304,"1",3
"1",2499,2458,160,360,"2","1","1","2",4957,5.07517381523383,30.98125,"2",3
"0",3523,3230,152,360,"2","1","1","1",6753,5.02388052084628,44.4276315789474,"1",1
"1",3083,2168,126,360,"2","3","1","2",5251,4.83628190695148,41.6746031746032,"1",1
"1",6333,4583,259,360,"2","1","1","2",10916,5.55682806169954,42.1467181467181,"2",3
"1",2625,6250,187,360,"2","1","1","2",8875,5.23110861685459,47.4598930481283,"1",3
"1",9083,0,228,360,"2","1","1","2",9083,5.42934562895444,39.8377192982456,"2",3
"0",8750,4167,308,360,"2","1","1","2",12917,5.73009978297357,41.9383116883117,"1",2
"1",2666,2083,95,360,"2","4","1","2",4749,4.55387689160054,49.9894736842105,"1",3
"0",5500,0,105,360,"1","1","2","1",5500,4.65396035015752,52.3809523809524,"1",3
"1",2423,505,130,360,"1","1","1","2",2928,4.86753445045558,22.5230769230769,"2",3
"1",3813,0,116,180,"1","1","1","2",3813,4.75359019110636,32.8706896551724,"1",2
"1",8333,3167,165,360,"2","3","1","2",11500,5.10594547390058,69.6969696969697,"1",3
"0",3875,0,67,360,"2","2","1","2",3875,4.20469261939097,57.8358208955224,"1",3
"0",3000,1666,100,480,"2","1","1","1",4666,4.60517018598809,46.66,"1",1
"1",5167,3167,200,360,"2","4","1","2",8334,5.29831736654804,41.67,"2",3
"0",4723,0,81,360,"1","2","1","2",4723,4.39444915467244,58.3086419753086,"2",2
"1",5000,3667,236,360,"2","3","1","2",8667,5.46383180502561,36.7245762711864,"2",3
"1",4750,2333,130,360,"2","1","1","2",7083,4.86753445045558,54.4846153846154,"1",3
"1",3013,3033,95,300,"2","1","1","2",6046,4.55387689160054,63.6421052631579,"1",3
"1",6822,0,141,360,"2","1","2","2",6822,4.94875989037817,48.3829787234043,"1",2
"0",6216,0,133,360,"2","1","1","2",6216,4.89034912822175,46.7368421052632,"1",1
"0",2500,0,96,480,"2","1","1","2",2500,4.56434819146784,26.0416666666667,"2",2
"0",5124,0,124,360,"2","1","1","1",5124,4.82028156560504,41.3225806451613,"1",2
"1",6325,0,175,360,"2","2","1","2",6325,5.16478597392351,36.1428571428571,"2",3
"0",19730,5266,570,360,"2","1","1","2",24996,6.3456363608286,43.8526315789474,"1",3
"1",15759,0,55,360,"1","1","2","2",15759,4.00733318523247,286.527272727273,"2",2
"1",5185,0,155,360,"2","3","1","2",5185,5.04342511691925,33.4516129032258,"2",3
"1",9323,7873,380,300,"2","3","2","2",17196,5.94017125272043,45.2526315789474,"1",3
"0",3062,1987,111,180,"2","2","1","1",5049,4.70953020131233,45.4864864864865,"1",2
"1",2764,1459,110,360,"1","1","1","2",4223,4.70048036579242,38.3909090909091,"1",2
"1",4817,923,120,180,"2","1","1","2",5740,4.78749174278205,47.8333333333333,"1",3
"1",8750,4996,130,360,"2","4","1","2",13746,4.86753445045558,105.738461538462,"1",3
"1",4310,0,130,360,"2","1","1","2",4310,4.86753445045558,33.1538461538462,"2",3
"0",3069,0,71,480,"2","1","1","2",3069,4.26267987704132,43.2253521126761,"1",2
"1",5391,0,130,360,"2","3","1","2",5391,4.86753445045558,41.4692307692308,"1",3
"1",3333,2500,128,360,"2","1","1","2",5833,4.85203026391962,45.5703125,"2",3
"1",5941,4232,296,360,"2","1","1","2",10173,5.69035945432406,34.3682432432432,"2",2
"1",6000,0,156,360,"1","1","1","2",6000,5.04985600724954,38.4615384615385,"1",2
"1",7167,0,128,360,"2","1","2","2",7167,4.85203026391962,55.9921875,"1",2
"0",4566,0,100,360,"2","3","1","2",4566,4.60517018598809,45.66,"1",3
"1",3667,0,113,180,"2","2","1","2",3667,4.72738781871234,32.4513274336283,"1",2
"1",2346,1600,132,360,"2","1","1","2",3946,4.88280192258637,29.8939393939394,"2",1
"0",3010,3136,120,360,"2","1","1","1",6146,4.78749174278205,51.2166666666667,"1",1
"1",2333,2417,136,360,"2","1","1","2",4750,4.91265488573605,34.9264705882353,"1",3
"1",5488,0,125,360,"2","1","1","2",5488,4.8283137373023,43.904,"1",3
"1",9167,0,185,360,"2","4","1","2",9167,5.22035582507832,49.5513513513514,"1",2
"1",9504,0,275,360,"2","4","1","2",9504,5.61677109766657,34.56,"1",3
"1",2583,2115,120,360,"2","1","1","2",4698,4.78749174278205,39.15,"1",3
"1",1993,1625,113,180,"2","3","1","2",3618,4.72738781871234,32.0176991150442,"2",1
"1",3100,1400,113,360,"2","3","1","2",4500,4.72738781871234,39.8230088495575,"1",3
"1",3276,484,135,360,"2","3","1","2",3760,4.90527477843843,27.8518518518519,"2",3
"0",3180,0,71,360,"1","1","1","1",3180,4.26267987704132,44.7887323943662,"1",2
"1",3033,1459,95,360,"2","1","1","2",4492,4.55387689160054,47.2842105263158,"1",3
"1",3902,1666,109,360,"2","1","1","2",5568,4.69134788222914,51.0825688073394,"1",1
"0",1500,1800,103,360,"1","1","1","1",3300,4.63472898822964,32.0388349514563,"2",2
"0",2889,0,45,180,"2","3","1","1",2889,3.80666248977032,64.2,"1",1
"0",2755,0,65,300,"2","1","1","2",2755,4.17438726989564,42.3846153846154,"1",1
"1",2500,20000,103,360,"2","1","1","2",22500,4.63472898822964,218.446601941748,"2",2
"1",1963,0,53,360,"1","1","1","2",1963,3.97029191355212,37.0377358490566,"2",1
"0",7441,0,194,360,"1","1","2","2",7441,5.26785815906333,38.3556701030928,"1",2
"1",4547,0,115,360,"1","1","1","2",4547,4.74493212836325,39.5391304347826,"2",2
"1",2167,2400,115,360,"2","1","1","2",4567,4.74493212836325,39.7130434782609,"1",1
"1",2213,0,66,360,"1","1","1","2",2213,4.18965474202643,33.530303030303,"1",1
"0",8300,0,152,300,"2","2","1","1",8300,5.02388052084628,54.6052631578947,"2",3
"0",81000,0,360,360,"2","4","1","1",81000,5.88610403145016,225,"1",3
"0",3867,0,62,360,"1","2","2","2",3867,4.12713438504509,62.3709677419355,"2",1
"1",6256,0,160,360,"2","1","1","2",6256,5.07517381523383,39.1,"1",3
"0",6096,0,218,360,"2","1","1","1",6096,5.38449506278909,27.9633027522936,"1",1
"1",2253,2033,110,360,"2","1","1","2",4286,4.70048036579242,38.9636363636364,"1",1
"0",2149,3237,178,360,"1","1","1","1",5386,5.18178355029209,30.2584269662921,"2",1
"1",2995,0,60,360,"1","1","1","2",2995,4.0943445622221,49.9166666666667,"1",2
"0",2600,0,160,360,"1","2","1","2",2600,5.07517381523383,16.25,"1",2
"0",1600,20000,239,360,"2","3","2","2",21600,5.47646355193151,90.3765690376569,"1",3
"1",1025,2773,112,360,"2","1","1","2",3798,4.71849887129509,33.9107142857143,"1",3
"1",3246,1417,138,360,"2","1","1","2",4663,4.92725368515721,33.7898550724638,"2",3
"1",5829,0,138,360,"2","1","1","2",5829,4.92725368515721,42.2391304347826,"1",3
"0",2720,0,80,360,"1","1","1","1",2720,4.38202663467388,34,"1",1
"1",1820,1719,100,360,"2","1","1","2",3539,4.60517018598809,35.39,"1",3
"0",7250,1667,110,360,"2","2","1","1",8917,4.70048036579242,81.0636363636364,"1",3
"1",14880,0,96,360,"2","1","1","2",14880,4.56434819146784,155,"2",3
"1",2666,4300,121,360,"2","1","1","2",6966,4.79579054559674,57.5702479338843,"1",3
"0",4606,0,81,360,"1","2","1","2",4606,4.39444915467244,56.8641975308642,"1",1
"1",5935,0,133,360,"2","3","1","2",5935,4.89034912822175,44.6240601503759,"2",3
"1",2920,16.12000084,87,360,"2","1","1","2",2936.12000084,4.46590811865458,33.7485057567816,"1",3
"1",2717,0,60,180,"2","1","1","2",2717,4.0943445622221,45.2833333333333,"1",1
"1",8624,0,150,360,"1","2","2","2",8624,5.01063529409626,57.4933333333333,"2",2
"0",6500,0,105,360,"2","1","1","1",6500,4.65396035015752,61.9047619047619,"1",2
"1",12876,0,405,360,"2","1","1","2",12876,6.00388706710654,31.7925925925926,"2",2
"1",2425,2340,143,360,"2","1","1","2",4765,4.96284463025991,33.3216783216783,"2",3
"1",3750,0,100,360,"2","1","1","2",3750,4.60517018598809,37.5,"1",2
"1",10047,0,120,240,"1","1","1","2",10047,4.78749174278205,83.725,"2",3
"1",1926,1851,50,360,"2","1","1","2",3777,3.91202300542815,75.54,"2",2
"1",2213,1125,120,360,"2","1","1","2",3338,4.78749174278205,27.8166666666667,"1",3
"0",10416,0,187,360,"2","1","2","1",10416,5.23110861685459,55.7005347593583,"1",2
"1",7142,0,138,360,"1","1","2","2",7142,4.92725368515721,51.7536231884058,"1",1
"1",3660,5064,187,360,"2","1","1","2",8724,5.23110861685459,46.6524064171123,"2",2
"1",7901,1833,180,360,"2","1","1","2",9734,5.19295685089021,54.0777777777778,"1",3
"1",4707,1993,148,360,"2","4","1","2",6700,4.99721227376411,45.2702702702703,"2",1
"1",37719,0,152,360,"2","2","1","2",37719,5.02388052084628,248.151315789474,"2",2
"1",7333,8333,175,300,"2","1","1","2",15666,5.16478597392351,89.52,"1",3
"1",3466,1210,130,360,"2","2","2","2",4676,4.86753445045558,35.9692307692308,"1",3
"1",4652,0,110,360,"2","3","1","2",4652,4.70048036579242,42.2909090909091,"1",1
"0",3539,1376,55,360,"2","1","1","2",4915,4.00733318523247,89.3636363636364,"1",3
"0",3340,1710,150,360,"2","3","1","1",5050,5.01063529409626,33.6666666666667,"1",3
"0",2769,1542,190,360,"2","2","2","2",4311,5.24702407216049,22.6894736842105,"2",1
"0",2309,1255,125,360,"2","3","1","1",3564,4.8283137373023,28.512,"1",1
"1",1958,1456,60,300,"2","3","1","2",3414,4.0943445622221,56.9,"1",1
"0",3948,1733,149,360,"2","1","1","1",5681,5.00394630594546,38.1275167785235,"1",3
"1",2483,2466,90,180,"2","1","1","1",4949,4.49980967033027,54.9888888888889,"1",3
"1",7085,0,84,360,"2","1","2","2",7085,4.43081679884331,84.3452380952381,"2",2
"1",3859,0,96,360,"2","3","1","2",3859,4.56434819146784,40.1979166666667,"2",3
"1",4301,0,118,360,"2","1","1","2",4301,4.77068462446567,36.4491525423729,"1",3
"0",3708,2569,173,360,"2","1","1","2",6277,5.15329159449778,36.2832369942197,"1",3
"1",4354,0,136,360,"2","3","1","2",4354,4.91265488573605,32.0147058823529,"1",2
"0",8334,0,160,360,"2","1","1","2",8334,5.07517381523383,52.0875,"2",3
"1",2083,4083,160,360,"2","1","2","2",6166,5.07517381523383,38.5375,"2",3
"1",7740,0,128,180,"2","4","1","2",7740,4.85203026391962,60.46875,"1",3
"1",3015,2188,153,360,"2","1","1","2",5203,5.03043792139244,34.0065359477124,"1",3
"1",5191,0,132,360,"1","2","1","2",5191,4.88280192258637,39.3257575757576,"2",1
"0",4166,0,98,360,"2","1","1","1",4166,4.58496747867057,42.5102040816327,"2",2
"1",6000,0,140,360,"2","1","1","2",6000,4.9416424226093,42.8571428571429,"1",2
"0",2947,1664,70,180,"2","4","1","1",4611,4.24849524204936,65.8714285714286,"1",1
"1",16692,0,110,360,"2","1","1","2",16692,4.70048036579242,151.745454545455,"2",3
"1",210,2917,98,360,"1","3","1","2",3127,4.58496747867057,31.9081632653061,"2",1
"0",4333,2451,110,360,"2","1","1","2",6784,4.70048036579242,61.6727272727273,"1",3
"1",3450,2079,162,360,"2","2","2","2",5529,5.08759633523238,34.1296296296296,"2",3
"0",2653,1500,113,180,"2","2","1","1",4153,4.72738781871234,36.7522123893805,"1",1
"1",4691,0,100,360,"2","4","1","2",4691,4.60517018598809,46.91,"2",3
"1",2500,0,93,360,"1","1","2","2",2500,4.53259949315326,26.8817204301075,"1",2
"1",5532,4648,162,360,"2","3","1","2",10180,5.08759633523238,62.8395061728395,"1",2
"1",16525,1014,150,360,"2","3","2","2",17539,5.01063529409626,116.926666666667,"1",3
"1",6700,1750,230,300,"2","3","1","2",8450,5.4380793089232,36.7391304347826,"2",3
"0",2873,1872,132,360,"2","3","1","1",4745,4.88280192258637,35.9469696969697,"2",3
"1",16667,2250,86,360,"2","2","2","2",18917,4.45434729625351,219.96511627907,"2",3
"0",2947,1603,120,360,"2","3","1","2",4550,4.78749174278205,37.9166666666667,"1",3
"1",4350,0,154,360,"1","1","1","2",4350,5.03695260241363,28.2467532467532,"1",1
"1",3095,0,113,360,"2","4","1","2",3095,4.72738781871234,27.3893805309735,"1",1
"1",2083,3150,128,360,"2","1","1","2",5233,4.85203026391962,40.8828125,"2",3
"1",10833,0,234,360,"2","1","1","2",10833,5.4553211153577,46.2948717948718,"2",3
"1",8333,0,246,360,"2","3","1","2",8333,5.50533153593236,33.8739837398374,"2",3
"1",1958,2436,131,360,"2","2","1","2",4394,4.87519732320115,33.5419847328244,"1",1
"0",3547,0,80,360,"2","3","1","1",3547,4.38202663467388,44.3375,"1",2
"0",18333,0,500,360,"2","2","1","2",18333,6.21460809842219,36.666,"1",3
"1",4583,2083,160,360,"2","3","2","2",6666,5.07517381523383,41.6625,"2",3
"0",2435,0,75,360,"2","1","1","2",2435,4.31748811353631,32.4666666666667,"1",2
"1",2699,2785,96,360,"2","1","1","2",5484,4.56434819146784,57.125,"2",1
"1",5333,1131,186,360,"2","2","1","2",6464,5.2257466737132,34.752688172043,"1",1
"1",3691,0,110,360,"2","1","1","2",3691,4.70048036579242,33.5545454545455,"1",1
"1",17263,0,225,360,"1","1","2","2",17263,5.41610040220442,76.7244444444444,"2",1
"0",3597,2157,119,360,"2","1","1","1",5754,4.77912349311153,48.3529411764706,"1",3
"1",3326,913,105,84,"1","2","1","2",4239,4.65396035015752,40.3714285714286,"2",3
"1",2600,1700,107,360,"2","1","1","2",4300,4.67282883446191,40.1869158878505,"1",1
"1",4625,2857,111,12,"2","1","1","2",7482,4.70953020131233,67.4054054054054,"1",3
"1",2895,0,95,360,"2","2","2","2",2895,4.55387689160054,30.4736842105263,"2",3
"0",6283,4416,209,360,"2","1","1","1",10699,5.34233425196481,51.1913875598086,"1",2
"1",645,3683,113,480,"1","1","1","2",4328,4.72738781871234,38.3008849557522,"1",2
"1",3159,0,100,360,"1","1","1","2",3159,4.60517018598809,31.59,"2",2
"1",4865,5624,208,360,"2","3","1","2",10489,5.33753807970132,50.4278846153846,"2",3
"0",4050,5302,138,360,"2","2","1","2",9352,4.92725368515721,67.768115942029,"1",1
"1",3814,1483,124,300,"2","1","1","2",5297,4.82028156560504,42.7177419354839,"2",1
"1",3510,4416,243,360,"2","3","1","2",7926,5.49306144334055,32.6172839506173,"1",3
"1",20833,6667,480,360,"2","1","1","2",27500,6.17378610390194,57.2916666666667,"1",3
"0",3583,0,96,360,"2","1","1","2",3583,4.56434819146784,37.3229166666667,"1",2
"1",2479,3013,188,360,"2","1","2","2",5492,5.23644196282995,29.2127659574468,"1",3
"1",13262,0,40,360,"1","2","1","2",13262,3.68887945411394,331.55,"1",2
"0",3598,1287,100,360,"2","1","1","2",4885,4.60517018598809,48.85,"1",1
"1",6065,2004,250,360,"2","2","1","2",8069,5.52146091786225,32.276,"2",3
"1",3283,2035,148,360,"2","3","1","2",5318,4.99721227376411,35.9324324324324,"1",3
"0",2130,6666,70,180,"2","1","1","2",8796,4.24849524204936,125.657142857143,"2",3
"0",5815,3666,311,360,"2","1","1","2",9481,5.73979291217923,30.4855305466238,"1",2
"1",3466,3428,150,360,"2","4","1","2",6894,5.01063529409626,45.96,"1",3
"1",2031,1632,113,480,"1","3","1","2",3663,4.72738781871234,32.4159292035398,"2",3
"0",3074,1800,123,360,"2","1","1","1",4874,4.81218435537242,39.6260162601626,"2",1
"0",4683,1915,185,360,"2","1","1","2",6598,5.22035582507832,35.6648648648649,"2",2
"0",3400,0,95,360,"1","1","1","2",3400,4.55387689160054,35.7894736842105,"1",1
"1",2192,1742,45,360,"2","3","1","2",3934,3.80666248977032,87.4222222222222,"2",1
"1",2500,0,55,360,"2","1","1","2",2500,4.00733318523247,45.4545454545455,"2",2
"1",5677,1424,100,360,"2","4","2","2",7101,4.60517018598809,71.01,"1",3
"1",7948,7166,480,360,"2","3","2","2",15114,6.17378610390194,31.4875,"1",3
"0",4680,2087,120,360,"2","1","1","2",6767,4.78749174278205,56.3916666666667,"2",2
"1",17500,0,400,360,"2","3","2","2",17500,5.99146454710798,43.75,"1",3
"1",3775,0,110,360,"2","1","1","2",3775,4.70048036579242,34.3181818181818,"2",3
"1",5285,1430,161,360,"2","2","1","1",6715,5.08140436498446,41.7080745341615,"2",1
"1",2679,1302,94,360,"2","2","1","2",3981,4.54329478227,42.3510638297872,"2",1
"1",6783,0,130,360,"2","1","1","2",6783,4.86753445045558,52.1769230769231,"2",1
"1",1025,5500,216,360,"2","1","1","2",6525,5.37527840768417,30.2083333333333,"1",3
"1",4281,0,100,360,"2","4","1","2",4281,4.60517018598809,42.81,"1",3
"0",3588,0,110,360,"2","3","1","1",3588,4.70048036579242,32.6181818181818,"1",2
"0",11250,0,196,360,"2","2","1","2",11250,5.27811465923052,57.3979591836735,"2",2
"1",18165,0,125,360,"1","1","2","2",18165,4.8283137373023,145.32,"1",1
"1",2550,2042,126,360,"2","1","1","2",4592,4.83628190695148,36.4444444444444,"1",1
"1",6133,3906,324,360,"2","1","1","2",10039,5.78074351579233,30.9845679012346,"1",3
"1",3617,0,107,360,"2","3","1","2",3617,4.67282883446191,33.803738317757,"2",2
"0",2917,536,66,360,"2","1","1","2",3453,4.18965474202643,52.3181818181818,"1",1
"1",6417,0,157,180,"2","4","1","2",6417,5.05624580534831,40.8726114649682,"1",3
"1",4608,2845,140,180,"1","2","1","2",7453,4.9416424226093,53.2357142857143,"2",3
"0",2138,0,99,360,"1","1","1","1",2138,4.59511985013459,21.5959595959596,"2",2
"1",3652,0,95,360,"1","2","1","2",3652,4.55387689160054,38.4421052631579,"2",2
"1",2239,2524,128,360,"2","2","1","2",4763,4.85203026391962,37.2109375,"1",1
"1",3017,663,102,360,"1","1","1","2",3680,4.62497281328427,36.078431372549,"2",1
"1",2768,1950,155,360,"2","1","1","2",4718,5.04342511691925,30.4387096774194,"1",3
"0",3358,0,80,36,"2","1","1","2",3358,4.38202663467388,41.975,"2",1
"1",2526,1783,145,360,"2","1","1","2",4309,4.97673374242057,29.7172413793103,"1",2
"0",5000,0,103,360,"1","1","1","1",5000,4.63472898822964,48.5436893203884,"2",2
"1",2785,2016,110,360,"2","1","1","2",4801,4.70048036579242,43.6454545454545,"1",3
"0",6633,0,120,360,"2","3","2","1",6633,4.78749174278205,55.275,"1",3
"1",2492,2375,120,360,"2","2","1","2",4867,4.78749174278205,40.5583333333333,"1",1
"1",3333,3250,158,360,"2","2","1","2",6583,5.06259503302697,41.6645569620253,"1",3
"0",2454,2333,181,360,"2","1","1","1",4787,5.19849703126583,26.4475138121547,"1",1
"0",3593,4266,132,180,"2","1","1","1",7859,4.88280192258637,59.5378787878788,"1",3
"1",5468,1032,26,360,"2","2","1","2",6500,3.25809653802148,250,"2",3
"1",2667,1625,84,360,"1","1","1","2",4292,4.43081679884331,51.0952380952381,"1",2
"1",10139,0,260,360,"2","4","2","2",10139,5.56068163101553,38.9961538461538,"2",3
"1",3887,2669,162,360,"2","1","1","2",6556,5.08759633523238,40.4691358024691,"2",3
"1",4180,2306,182,360,"1","1","1","2",6486,5.2040066870768,35.6373626373626,"2",3
"1",3675,242,108,360,"2","3","1","2",3917,4.68213122712422,36.2685185185185,"2",1
"1",19484,0,600,360,"1","2","2","2",19484,6.39692965521615,32.4733333333333,"2",3
"1",5923,2054,211,360,"2","1","1","2",7977,5.35185813347607,37.8056872037915,"1",3
"1",5800,0,132,360,"2","1","2","2",5800,4.88280192258637,43.9393939393939,"2",1
"0",8799,0,258,360,"2","3","1","1",8799,5.55295958492162,34.1046511627907,"1",3
"1",4467,0,120,360,"2","1","1","2",4467,4.78749174278205,37.225,"1",1
"1",3333,0,70,360,"2","1","1","2",3333,4.24849524204936,47.6142857142857,"1",2
"0",3400,2500,123,360,"2","4","1","1",5900,4.81218435537242,47.9674796747967,"1",3
"0",2378,0,9,360,"1","1","1","2",2378,2.19722457733622,264.222222222222,"1",2
"0",3166,2064,104,360,"2","1","1","1",5230,4.64439089914137,50.2884615384615,"1",3
"1",3417,1750,186,360,"2","2","1","2",5167,5.2257466737132,27.7795698924731,"1",3
"0",5116,1451,165,360,"2","1","1","1",6567,5.10594547390058,39.8,"1",3
"1",16666,0,275,360,"2","3","1","2",16666,5.61677109766657,60.6036363636364,"1",3
"0",6125,1625,187,480,"2","3","1","2",7750,5.23110861685459,41.4438502673797,"2",1
"0",6406,0,150,360,"2","4","1","2",6406,5.01063529409626,42.7066666666667,"2",3
"1",3159,461,108,84,"2","3","1","2",3620,4.68213122712422,33.5185185185185,"1",3
"0",3087,2210,136,360,"2","1","1","1",5297,4.91265488573605,38.9485294117647,"2",3
"1",3229,2739,110,360,"2","1","1","2",5968,4.70048036579242,54.2545454545455,"1",2
"1",1782,2232,107,360,"2","2","1","2",4014,4.67282883446191,37.5140186915888,"1",3
"1",3182,2917,161,360,"2","1","1","2",6099,5.08140436498446,37.8819875776397,"1",2
"1",6540,0,205,360,"2","3","1","2",6540,5.32300997913841,31.9024390243902,"2",3
"0",1836,33837,90,360,"2","1","1","2",35673,4.49980967033027,396.366666666667,"1",2
"1",3166,0,36,360,"1","1","1","2",3166,3.58351893845611,87.9444444444444,"2",3
"0",1880,0,61,360,"2","2","1","2",1880,4.11087386417331,30.8196721311475,"1",3
"0",2787,1917,146,360,"2","2","1","1",4704,4.98360662170834,32.2191780821918,"1",3
"0",4283,3000,172,84,"2","2","1","2",7283,5.14749447681345,42.343023255814,"1",3
"1",2297,1522,104,360,"2","1","1","2",3819,4.64439089914137,36.7211538461538,"1",3
"1",2165,0,70,360,"1","1","1","2",2165,4.24849524204936,30.9285714285714,"2",1
"1",4750,0,94,360,"2","1","1","2",4750,4.54329478227,50.531914893617,"2",2
"0",2726,0,106,360,"2","3","2","1",2726,4.66343909411207,25.7169811320755,"2",3
"1",3000,3416,56,180,"2","1","1","2",6416,4.02535169073515,114.571428571429,"2",3
"0",6000,0,205,240,"2","3","2","2",6000,5.32300997913841,29.2682926829268,"2",3
"1",9357,0,292,360,"2","4","2","2",9357,5.67675380226828,32.0445205479452,"2",2
"1",3859,3300,142,180,"2","1","1","2",7159,4.95582705760126,50.4154929577465,"1",3
"1",16120,0,260,360,"2","1","2","2",16120,5.56068163101553,62,"1",3
"1",3833,0,110,360,"2","1","1","2",3833,4.70048036579242,34.8454545454545,"1",1
"0",6383,1000,187,360,"2","3","2","2",7383,5.23110861685459,39.4812834224599,"1",1
"0",2987,0,88,360,"2","1","1","1",2987,4.47733681447821,33.9431818181818,"2",2
"1",9963,0,180,360,"2","1","2","2",9963,5.19295685089021,55.35,"1",3
"1",5780,0,192,360,"2","3","1","2",5780,5.25749537202778,30.1041666666667,"1",3
"0",416,41667,350,180,"1","4","1","2",42083,5.85793315448346,120.237142857143,"1",2
"1",2894,2792,155,360,"2","1","1","2",5686,5.04342511691925,36.6838709677419,"1",1
"1",5703,0,128,360,"2","4","1","2",5703,4.85203026391962,44.5546875,"1",3
"1",3676,4301,172,360,"2","1","1","2",7977,5.14749447681345,46.3779069767442,"1",2
"1",12000,0,496,360,"1","2","1","2",12000,6.20657592672493,24.1935483870968,"2",3
"0",2400,3800,120,180,"2","1","1","2",6200,4.78749174278205,51.6666666666667,"1",1
"1",3400,2500,173,360,"2","2","1","2",5900,5.15329159449778,34.1040462427746,"2",3
"1",3987,1411,157,360,"2","3","1","2",5398,5.05624580534831,34.3821656050955,"1",1
"1",3232,1950,108,360,"2","1","1","2",5182,4.68213122712422,47.9814814814815,"1",3
"1",2900,0,71,360,"1","1","1","2",2900,4.26267987704132,40.8450704225352,"1",2
"1",4106,0,40,180,"2","4","1","2",4106,3.68887945411394,102.65,"1",3
"1",8072,240,253,360,"2","2","1","2",8312,5.53338948872752,32.8537549407115,"1",3
"1",7583,0,187,360,"2","3","1","2",7583,5.23110861685459,40.5508021390374,"1",3
"0",4583,0,133,360,"1","1","2","1",4583,4.89034912822175,34.4586466165414,"2",2
